{
  "spacing_delta": 0.0,
  "misalignment_delta": 1,
  "hover_latency_delta_ms": -0.07000000000000028,
  "render_time_savings": -0.31000000000000005
}